{"社会时事": 6.342105263157895, "影视剧": 8.333333333333334, "娱乐": 7.360655737704918, "商业": 7.235294117647059}